year,month,day,hour,day_night,day_of_week,city,district,accident_type,lon,lat,datetime
2012,01,08,01,야간,일,경기,수원시,차대사람,127.02212651,37.26040006,2012-01-08 01:00:00
2012,01,16,12,주간,월,경기,수원시,차대차,126.99467219,37.31682122,2012-01-16 12:00:00
2012,01,02,22,야간,월,경기,수원시,차대사람,127.03556325,37.25402658,2012-01-02 22:00:00
2012,01,05,15,주간,목,경기,수원시,차량단독,127.0165267,37.27900913,2012-01-05 15:00:00
2012,01,10,19,야간,화,경기,수원시,차대사람,126.99926179,37.2680215,2012-01-10 19:00:00
2012,05,29,08,주간,화,경기,수원시,차대사람,126.94729245,37.27388368,2012-05-29 08:00:00
2012,03,20,05,야간,화,경기,수원시,차대사람,127.00317369,37.27687162,2012-03-20 05:00:00
2012,03,05,23,야간,월,경기,수원시,차대차,126.99605522,37.26177025,2012-03-05 23:00:00
2012,03,31,08,주간,토,경기,수원시,차대사람,127.01765992,37.30116992,2012-03-31 08:00:00
2012,03,13,08,주간,화,경기,수원시,차대사람,127.02619798,37.27655137,2012-03-13 08:00:00
2012,03,05,23,야간,월,경기,수원시,차대사람,127.01229488,37.27053671,2012-03-05 23:00:00
2012,04,21,21,야간,토,경기,수원시,차대사람,126.97847883,37.27733328,2012-04-21 21:00:00
2012,05,25,19,야간,금,경기,수원시,차대사람,127.0163913,37.28606647,2012-05-25 19:00:00
2012,03,25,22,야간,일,경기,수원시,차대사람,126.97001819,37.27421295,2012-03-25 22:00:00
2012,04,03,15,주간,화,경기,수원시,차대사람,127.03038804,37.29023317,2012-04-03 15:00:00
2012,03,22,09,주간,목,경기,수원시,차대사람,127.05677273,37.25815515,2012-03-22 09:00:00
2012,04,17,16,주간,화,경기,수원시,차대차,126.98920514,37.28581706,2012-04-17 16:00:00
2012,04,24,03,야간,화,경기,수원시,차량단독,127.02235279,37.2317005,2012-04-24 03:00:00
2012,02,21,00,야간,화,경기,수원시,차대사람,127.02530881,37.27624134,2012-02-21 00:00:00
2012,01,17,08,주간,화,경기,수원시,차대사람,126.96900178,37.29847378,2012-01-17 08:00:00
2012,01,17,18,야간,화,경기,수원시,차대사람,127.03964091,37.26402096,2012-01-17 18:00:00
2012,01,31,05,야간,화,경기,수원시,차대사람,127.03212304,37.24687398,2012-01-31 05:00:00
2012,01,26,19,야간,목,경기,수원시,차대사람,127.02523004,37.29596346,2012-01-26 19:00:00
2012,02,16,10,주간,목,경기,수원시,차대차,127.01640563,37.28206435,2012-02-16 10:00:00
2013,02,08,06,주간,금,경기,수원시,차대차,126.97910106,37.27647907,2013-02-08 06:00:00
2012,02,27,04,야간,월,경기,수원시,차대차,126.97954027,37.24275149,2012-02-27 04:00:00
2012,11,17,14,주간,토,경기,수원시,차대차,127.02358276,37.23509471,2012-11-17 14:00:00
2013,01,10,14,주간,목,경기,수원시,차대사람,126.99378818,37.26970762,2013-01-10 14:00:00
2012,09,14,10,주간,금,경기,수원시,차대사람,126.99399322,37.26318566,2012-09-14 10:00:00
2012,12,18,01,야간,화,경기,수원시,차대사람,127.018871,37.23499454,2012-12-18 01:00:00
2013,05,15,01,야간,수,경기,수원시,차대차,127.03364604,37.26686393,2013-05-15 01:00:00
2012,12,26,04,야간,수,경기,수원시,차대사람,127.05609353,37.2720431,2012-12-26 04:00:00
2012,11,02,13,주간,금,경기,수원시,차대사람,127.01477096,37.25202323,2012-11-02 13:00:00
2013,04,26,08,주간,금,경기,수원시,차대차,126.9765087,37.25002194,2013-04-26 08:00:00
2012,12,26,18,야간,수,경기,수원시,차대사람,127.01413704,37.28926619,2012-12-26 18:00:00
2013,05,12,22,야간,일,경기,수원시,차대사람,127.00215764,37.27357727,2013-05-12 22:00:00
2013,05,13,09,주간,월,경기,수원시,차대차,126.96459247,37.30132033,2013-05-13 09:00:00
2013,11,23,20,야간,토,경기,수원시,차대사람,127.02864592,37.24756328,2013-11-23 20:00:00
2013,11,23,17,주간,토,경기,수원시,차대차,126.99508349,37.2704934,2013-11-23 17:00:00
2013,02,23,21,야간,토,경기,수원시,차대사람,127.08219692,37.26880934,2013-02-23 21:00:00
2012,10,10,06,주간,수,경기,수원시,차대사람,127.02216241,37.29576182,2012-10-10 06:00:00
2012,09,09,06,주간,일,경기,수원시,차량단독,126.97008087,37.26043996,2012-09-09 06:00:00
2012,12,21,03,야간,금,경기,수원시,차대차,126.97336872,37.25956225,2012-12-21 03:00:00
2012,11,02,22,야간,금,경기,수원시,차대사람,126.95039863,37.28569732,2012-11-02 22:00:00
2012,09,24,10,주간,월,경기,수원시,차대차,126.97014982,37.29083516,2012-09-24 10:00:00
2013,04,27,22,야간,토,경기,수원시,차대사람,126.9850351,37.27378616,2013-04-27 22:00:00
2013,05,16,05,야간,목,경기,수원시,차대차,127.04276168,37.25895819,2013-05-16 05:00:00
2012,07,11,23,야간,수,경기,수원시,차대차,127.09483326,37.2896871,2012-07-11 23:00:00
2012,09,03,11,주간,월,경기,수원시,차대사람,127.01310201,37.27130621,2012-09-03 11:00:00
2012,08,04,06,주간,토,경기,수원시,차대차,126.99047702,37.2862462,2012-08-04 06:00:00
2012,10,12,23,야간,금,경기,수원시,차대사람,126.98325844,37.2513761,2012-10-12 23:00:00
2012,11,26,09,주간,월,경기,수원시,차대사람,126.97129432,37.29817757,2012-11-26 09:00:00
2012,06,27,23,야간,수,경기,수원시,차량단독,127.02430154,37.2427054,2012-06-27 23:00:00
2012,09,17,05,야간,월,경기,수원시,차대차,127.0172754,37.29424568,2012-09-17 05:00:00
2013,12,24,22,야간,화,경기,수원시,차대사람,127.01392117,37.26250306,2013-12-24 22:00:00
2013,10,28,08,주간,월,경기,수원시,차대사람,127.01392117,37.26250306,2013-10-28 08:00:00
2012,10,10,13,주간,수,경기,수원시,차대차,126.99127212,37.26029855,2012-10-10 13:00:00
2012,11,29,14,주간,목,경기,수원시,차대차,127.01825235,37.24894565,2012-11-29 14:00:00
2012,10,07,11,주간,일,경기,수원시,차대사람,127.01549771,37.32337126,2012-10-07 11:00:00
2012,10,14,18,야간,일,경기,수원시,차대사람,126.97995977,37.28505569,2012-10-14 18:00:00
2012,09,26,07,주간,수,경기,수원시,차량단독,127.01898526,37.31630059,2012-09-26 07:00:00
2012,09,01,09,주간,토,경기,수원시,차대사람,126.96978703,37.24765688,2012-09-01 09:00:00
2013,12,12,06,주간,목,경기,수원시,차대사람,126.97858648,37.28274011,2013-12-12 06:00:00
2013,12,26,23,야간,목,경기,수원시,차대사람,127.01659133,37.27948713,2013-12-26 23:00:00
2013,07,19,23,야간,금,경기,수원시,차량단독,126.95795566,37.24340281,2013-07-19 23:00:00
2014,03,19,20,야간,수,경기,수원시,차대차,126.97510066,37.24399385,2014-03-19 20:00:00
2014,03,18,21,야간,화,경기,수원시,차대사람,127.00850306,37.3020787,2014-03-18 21:00:00
2013,11,02,14,주간,토,경기,수원시,차대사람,126.98693851,37.28900719,2013-11-02 14:00:00
2012,07,14,03,야간,토,경기,수원시,차대사람,127.03479958,37.24618143,2012-07-14 03:00:00
2013,12,27,07,주간,금,경기,수원시,차대사람,127.03128042,37.24456307,2013-12-27 07:00:00
2012,09,27,23,야간,목,경기,수원시,차대사람,127.002547,37.26411429,2012-09-27 23:00:00
2012,08,19,03,야간,일,경기,수원시,차량단독,127.02552478,37.26339735,2012-08-19 03:00:00
2014,03,16,21,야간,일,경기,수원시,차대사람,126.98513128,37.24791389,2014-03-16 21:00:00
2013,12,15,20,야간,일,경기,수원시,차대사람,127.0019529,37.26698723,2013-12-15 20:00:00
2013,10,24,03,야간,목,경기,수원시,차대사람,127.05301176,37.24575581,2013-10-24 03:00:00
2013,08,05,19,야간,월,경기,수원시,차대차,127.01658203,37.27818891,2013-08-05 19:00:00
2013,05,29,21,야간,수,경기,수원시,차대사람,127.05248487,37.24142711,2013-05-29 21:00:00
2013,07,16,06,주간,화,경기,수원시,차대차,127.018943,37.25027351,2013-07-16 06:00:00
2013,04,09,13,주간,화,경기,수원시,차대사람,127.00381161,37.26167123,2013-04-09 13:00:00
2013,08,21,08,주간,수,경기,수원시,차대사람,127.02037879,37.2969768,2013-08-21 08:00:00
2013,08,03,01,야간,토,경기,수원시,차량단독,127.03088937,37.27853509,2013-08-03 01:00:00
2013,10,15,16,주간,화,경기,수원시,차대사람,126.94873929,37.26727422,2013-10-15 16:00:00
2013,10,27,18,야간,일,경기,수원시,차대사람,127.028532,37.27772701,2013-10-27 18:00:00
2013,09,11,19,야간,수,경기,수원시,차대차,126.97001529,37.29232185,2013-09-11 19:00:00
2013,05,25,23,야간,토,경기,수원시,차대사람,126.99380173,37.28727417,2013-05-25 23:00:00
2013,05,29,03,야간,수,경기,수원시,차대사람,126.98086488,37.25104608,2013-05-29 03:00:00
2013,09,05,05,야간,목,경기,수원시,차대사람,127.0065144,37.28177114,2013-09-05 05:00:00
2013,09,16,03,야간,월,경기,수원시,차량단독,127.0244024,37.26074274,2013-09-16 03:00:00
2014,05,17,20,야간,토,경기,수원시,차대사람,127.06944695,37.25243297,2014-05-17 20:00:00
2013,04,21,00,야간,일,경기,수원시,차대사람,127.06797251,37.24800174,2013-04-21 00:00:00
2013,08,29,21,야간,목,경기,수원시,차대차,127.06883524,37.28061738,2013-08-29 21:00:00
2012,07,26,04,야간,목,경기,수원시,차대사람,126.94818098,37.26650543,2012-07-26 04:00:00
2014,01,26,21,야간,일,경기,수원시,차대사람,127.00327106,37.27750301,2014-01-26 21:00:00
2014,04,24,19,야간,목,경기,수원시,차대사람,127.04614471,37.23830217,2014-04-24 19:00:00
2013,04,30,09,주간,화,경기,수원시,차대차,127.03989116,37.30602759,2013-04-30 09:00:00
2013,03,23,20,야간,토,경기,수원시,차대사람,127.068017,37.24842538,2013-03-23 20:00:00
2014,09,20,01,야간,토,경기,수원시,차대사람,127.03362493,37.26662948,2014-09-20 01:00:00
2012,04,01,02,야간,일,경기,수원시,차량단독,126.98739816,37.31935888,2012-04-01 02:00:00
2012,02,22,13,주간,수,경기,수원시,차대사람,126.98683377,37.25125644,2012-02-22 13:00:00
2014,04,26,08,주간,토,경기,수원시,차량단독,127.03353837,37.25323441,2014-04-26 08:00:00
2014,04,30,14,주간,수,경기,수원시,차대사람,126.97163355,37.29968441,2014-04-30 14:00:00
2013,05,27,22,야간,월,경기,수원시,차대사람,127.02570558,37.23635618,2013-05-27 22:00:00
2014,10,13,18,야간,월,경기,수원시,차대사람,127.01676809,37.2765403,2014-10-13 18:00:00
2014,06,30,12,주간,월,경기,수원시,차대차,126.98931943,37.2421721,2014-06-30 12:00:00
2014,04,27,05,야간,일,경기,수원시,차대사람,127.00132009,37.26546121,2014-04-27 05:00:00
2013,03,10,13,주간,일,경기,수원시,차대사람,126.99169126,37.29860045,2013-03-10 13:00:00
2014,07,12,23,야간,토,경기,수원시,차대차,126.9848333,37.25193281,2014-07-12 23:00:00
2013,07,18,17,주간,목,경기,수원시,차대사람,127.03735861,37.27660561,2013-07-18 17:00:00
2012,02,05,18,야간,일,경기,수원시,차대차,126.9917788,37.26041791,2012-02-05 18:00:00
2013,05,27,01,야간,월,경기,수원시,차대차,127.0272077,37.26840682,2013-05-27 01:00:00
2014,09,21,11,주간,일,경기,수원시,차대차,126.98593049,37.27300314,2014-09-21 11:00:00
2014,12,07,19,야간,일,경기,수원시,차대사람,127.0073692,37.2613852,2014-12-07 19:00:00
2014,12,17,22,야간,수,경기,수원시,차대차,127.0124054,37.2883757,2014-12-17 22:00:00
2014,06,13,03,야간,금,경기,수원시,차대사람,126.97035703,37.29829056,2014-06-13 03:00:00
2014,05,01,09,주간,목,경기,수원시,차대차,127.01133804,37.28769526,2014-05-01 09:00:00
2014,10,12,14,주간,일,경기,수원시,차대사람,126.99831406,37.29696114,2014-10-12 14:00:00
2013,05,25,10,주간,토,경기,수원시,차대차,126.98649919,37.25237272,2013-05-25 10:00:00
2012,01,04,11,주간,수,경기,수원시,차대사람,127.01619854,37.27564559,2012-01-04 11:00:00
2013,06,25,07,주간,화,경기,수원시,차대사람,127.03518855,37.25260992,2013-06-25 07:00:00
2014,12,19,22,야간,금,경기,수원시,차대차,127.01285601,37.26922298,2014-12-19 22:00:00
2014,11,06,17,주간,목,경기,수원시,차대차,127.00747311,37.2852545,2014-11-06 17:00:00
2014,12,12,13,주간,금,경기,수원시,차대사람,127.00328197,37.26210726,2014-12-12 13:00:00
2014,11,22,20,야간,토,경기,수원시,차대사람,127.05236752,37.30887795,2014-11-22 20:00:00
2014,12,13,03,야간,토,경기,수원시,차대사람,127.03672014,37.25661812,2014-12-13 03:00:00
2014,01,28,01,야간,화,경기,수원시,차대사람,127.00069118,37.26676558,2014-01-28 01:00:00
2014,10,14,23,야간,화,경기,수원시,차대차,127.02094434,37.29390905,2014-10-14 23:00:00
2014,10,26,22,야간,일,경기,수원시,차대사람,127.00794147,37.29994909,2014-10-26 22:00:00
2014,10,03,05,야간,금,경기,수원시,차대사람,127.05369755,37.27285436,2014-10-03 05:00:00
2014,01,02,18,야간,목,경기,수원시,차대사람,126.9957833,37.25688354,2014-01-02 18:00:00
2014,10,23,22,야간,목,경기,수원시,차대차,127.06781409,37.24810031,2014-10-23 22:00:00
2014,09,04,11,주간,목,경기,수원시,차량단독,127.02705581,37.24399642,2014-09-04 11:00:00
2014,12,04,05,야간,목,경기,수원시,차대사람,127.03336993,37.26591638,2014-12-04 05:00:00
2014,12,19,09,주간,금,경기,수원시,차대사람,127.02556421,37.28047891,2014-12-19 09:00:00
2014,11,21,06,주간,금,경기,수원시,차대사람,127.01552429,37.28581053,2014-11-21 06:00:00
2014,11,30,05,야간,일,경기,수원시,차량단독,126.99685578,37.29907321,2014-11-30 05:00:00
2014,03,22,01,야간,토,경기,수원시,차대차,126.99529507,37.31649938,2014-03-22 01:00:00
2014,08,24,20,야간,일,경기,수원시,차대사람,126.98519902,37.29097368,2014-08-24 20:00:00
2014,09,05,03,야간,금,경기,수원시,차량단독,127.01086476,37.27017926,2014-09-05 03:00:00
2014,09,29,16,주간,월,경기,수원시,차대사람,127.01743065,37.27523598,2014-09-29 16:00:00
2014,11,15,01,야간,토,경기,수원시,차대사람,127.02003083,37.23343081,2014-11-15 01:00:00
2014,10,04,05,야간,토,경기,수원시,차대사람,127.01899755,37.26475014,2014-10-04 05:00:00
2014,11,27,17,주간,목,경기,수원시,차대사람,127.01096675,37.28754049,2014-11-27 17:00:00
2014,10,11,00,야간,토,경기,수원시,차대사람,126.97324869,37.25898483,2014-10-11 00:00:00
2014,11,04,13,주간,화,경기,수원시,차대차,127.00800026,37.28572541,2014-11-04 13:00:00
2014,11,17,18,야간,월,경기,수원시,차대차,126.95753382,37.26607092,2014-11-17 18:00:00
2014,09,07,21,야간,일,경기,수원시,차대사람,127.01586785,37.29557399,2014-09-07 21:00:00
2014,02,12,00,야간,수,경기,수원시,차대사람,127.04867445,37.27727018,2014-02-12 00:00:00
2014,08,03,00,야간,일,경기,수원시,차대사람,126.99937018,37.30274351,2014-08-03 00:00:00
2014,07,24,02,야간,목,경기,수원시,차량단독,127.03849092,37.24547476,2014-07-24 02:00:00
2014,06,17,22,야간,화,경기,수원시,차대차,127.01866249,37.25005604,2014-06-17 22:00:00
2014,01,12,22,야간,일,경기,수원시,차대사람,127.06238968,37.26968686,2014-01-12 22:00:00
2014,01,22,03,야간,수,경기,수원시,차대차,126.97833214,37.27734165,2014-01-22 03:00:00
2014,05,27,01,야간,화,경기,수원시,차량단독,127.0357982,37.24146203,2014-05-27 01:00:00
2014,06,19,00,야간,목,경기,수원시,차대차,127.02059886,37.2967921,2014-06-19 00:00:00
2014,02,18,18,야간,화,경기,수원시,차대사람,126.97825142,37.2874008,2014-02-18 18:00:00
2014,02,01,18,야간,토,경기,수원시,차대차,127.03293451,37.29075704,2014-02-01 18:00:00
2014,02,01,18,야간,토,경기,수원시,차대사람,127.00105697,37.28995091,2014-02-01 18:00:00
2014,02,12,22,야간,수,경기,수원시,차대사람,126.99551551,37.31053315,2014-02-12 22:00:00
2014,07,25,23,야간,금,경기,수원시,차대사람,127.01125548,37.25335185,2014-07-25 23:00:00
2014,06,25,23,야간,수,경기,수원시,차대차,127.01867359,37.25008313,2014-06-25 23:00:00
2014,07,29,01,야간,화,경기,수원시,차대차,127.01918211,37.29247771,2014-07-29 01:00:00
2014,02,11,20,야간,화,경기,수원시,차대사람,127.00561085,37.28193863,2014-02-11 20:00:00
2014,07,13,04,야간,일,경기,수원시,차대사람,127.03281577,37.26433675,2014-07-13 04:00:00
2014,07,08,00,야간,화,경기,수원시,차대사람,127.07216443,37.25245184,2014-07-08 00:00:00
2014,07,20,06,주간,일,경기,수원시,차대차,127.02150381,37.31245287,2014-07-20 06:00:00
2014,07,08,08,주간,화,경기,수원시,차대사람,127.06678509,37.27617504,2014-07-08 08:00:00
2014,07,08,22,야간,화,경기,수원시,차대차,127.06476207,37.25922139,2014-07-08 22:00:00
2014,07,31,02,야간,목,경기,수원시,차대차,127.03241659,37.24681204,2014-07-31 02:00:00
2014,06,25,22,야간,수,경기,수원시,차대사람,127.03714789,37.26595825,2014-06-25 22:00:00
2015,01,02,17,주,금,경기,수원시,차대사람,126.9914549,37.29850929,2015-01-02 17:00:00
2015,01,05,06,주,월,경기,수원시,차대차,127.0280077,37.27755915,2015-01-05 06:00:00
2015,01,06,23,야,화,경기,수원시,차대차,127.0457322,37.29572844,2015-01-06 23:00:00
2015,01,16,13,주,금,경기,수원시,차량단독,127.0093292,37.30170355,2015-01-16 13:00:00
2015,01,17,06,주,토,경기,수원시,차대사람,126.9691506,37.27407385,2015-01-17 06:00:00
2015,01,23,06,주,금,경기,수원시,차대차,127.0071085,37.29860166,2015-01-23 06:00:00
2015,01,25,18,야,일,경기,수원시,차대사람,127.0104618,37.28711475,2015-01-25 18:00:00
2015,01,29,20,야,목,경기,수원시,차대사람,127.0576507,37.24879292,2015-01-29 20:00:00
2015,02,11,01,야,수,경기,수원시,차대사람,127.004044,37.28003916,2015-02-11 01:00:00
2015,02,26,13,주,목,경기,수원시,차대차,127.0012999,37.2702295,2015-02-26 13:00:00
2015,03,06,13,주,금,경기,수원시,차대사람,127.0227535,37.2307286,2015-03-06 13:00:00
2015,03,07,08,주,토,경기,수원시,차대차,126.9689707,37.28042784,2015-03-07 08:00:00
2015,03,09,09,주,월,경기,수원시,차대차,127.0141401,37.26245879,2015-03-09 09:00:00
2015,03,13,01,야,금,경기,수원시,차대차,126.9959053,37.31637579,2015-03-13 01:00:00
2015,04,20,21,야,월,경기,수원시,차량단독,127.00514,37.28838161,2015-04-20 21:00:00
2015,04,26,23,야,일,경기,수원시,차대차,127.0183358,37.28188293,2015-04-26 23:00:00
2015,05,28,17,주,목,경기,수원시,차량단독,127.0717928,37.26631397,2015-05-28 17:00:00
2015,06,05,21,야,금,경기,수원시,차대사람,127.031874,37.29440348,2015-06-05 21:00:00
2015,06,10,03,야,수,경기,수원시,차대사람,126.9900712,37.2845228,2015-06-10 03:00:00
2015,06,27,04,야,토,경기,수원시,차대사람,126.9943725,37.30933844,2015-06-27 04:00:00
2015,06,27,22,야,토,경기,수원시,차대사람,127.0065708,37.27831904,2015-06-27 22:00:00
2015,07,03,21,야,금,경기,수원시,차대사람,127.0351494,37.24612872,2015-07-03 21:00:00
2015,07,07,06,주,화,경기,수원시,차대사람,126.9987085,37.26981293,2015-07-07 06:00:00
2015,07,27,01,야,월,경기,수원시,차대차,127.0163106,37.29514314,2015-07-27 01:00:00
2015,08,05,00,야,수,경기,수원시,차대사람,126.9734186,37.27507543,2015-08-05 00:00:00
2015,08,10,18,야,월,경기,수원시,차대차,126.991645,37.31049856,2015-08-10 18:00:00
2015,08,27,10,주,목,경기,수원시,차대차,127.0117514,37.30403915,2015-08-27 10:00:00
2015,09,04,20,야,금,경기,수원시,차대차,126.9937778,37.26841281,2015-09-04 20:00:00
2015,09,27,05,야,일,경기,수원시,차대사람,127.0001777,37.26767382,2015-09-27 05:00:00
2015,09,27,06,주,일,경기,수원시,차대차,126.9578733,37.29265445,2015-09-27 06:00:00
2015,09,29,20,야,화,경기,수원시,차대차,126.983234,37.3011508,2015-09-29 20:00:00
2015,10,14,05,야,수,경기,수원시,차대사람,127.0241716,37.26516766,2015-10-14 05:00:00
2015,10,17,15,주,토,경기,수원시,차대차,126.9461331,37.29356458,2015-10-17 15:00:00
2015,11,13,05,야,금,경기,수원시,차대사람,127.001877,37.26480554,2015-11-13 05:00:00
2015,11,20,21,야,금,경기,수원시,차대차,126.9927007,37.29614399,2015-11-20 21:00:00
2015,11,23,04,야,월,경기,수원시,차대차,127.0469029,37.24536302,2015-11-23 04:00:00
2015,12,01,16,주,화,경기,수원시,차대차,126.9788261,37.27604582,2015-12-01 16:00:00
2015,12,02,21,야,수,경기,수원시,차대차,126.9640643,37.26125117,2015-12-02 21:00:00
2015,12,22,11,주,화,경기,수원시,차대사람,127.0065209,37.26867394,2015-12-22 11:00:00
2016,02,19,01,야간,금,경기,수원시,차대사람,127.07294999,37.24712741,2016-02-19 01:00:00
2016,02,25,11,주간,목,경기,수원시,차대사람,127.01740476,37.24217271,2016-02-25 11:00:00
2016,03,09,04,야간,수,경기,수원시,차대사람,127.01878062,37.27048212,2016-03-09 04:00:00
2016,03,17,22,야간,목,경기,수원시,차대사람,126.98073255,37.29572252,2016-03-17 22:00:00
2016,07,22,16,주간,금,경기,수원시,차대차,127.03821554,37.2739668,2016-07-22 16:00:00
2016,07,27,15,주간,수,경기,수원시,차대차,126.9836594,37.23392682,2016-07-27 15:00:00
2016,04,11,20,야간,월,경기,수원시,차대차,127.01540921,37.31957606,2016-04-11 20:00:00
2016,04,30,05,야간,토,경기,수원시,차대차,126.96999105,37.29095163,2016-04-30 05:00:00
2016,05,24,02,야간,화,경기,수원시,차대사람,127.01367605,37.24693486,2016-05-24 02:00:00
2016,04,27,20,야간,수,경기,수원시,차대사람,127.01557977,37.29475255,2016-04-27 20:00:00
2016,06,21,03,야간,화,경기,수원시,차량단독,127.07819483,37.28927744,2016-06-21 03:00:00
2016,06,15,02,야간,수,경기,수원시,차대사람,127.05817714,37.23780683,2016-06-15 02:00:00
2016,05,15,19,야간,일,경기,수원시,차대차,126.98184546,37.29467277,2016-05-15 19:00:00
2016,08,23,05,야간,화,경기,수원시,차대사람,127.00347942,37.29042982,2016-08-23 05:00:00
2016,08,04,03,야간,목,경기,수원시,차량단독,127.0176447,37.25052062,2016-08-04 03:00:00
2016,09,10,05,야간,토,경기,수원시,차대차,127.01850406,37.25014553,2016-09-10 05:00:00
2016,05,12,21,야간,목,경기,수원시,차대사람,127.01383073,37.27550068,2016-05-12 21:00:00
2016,08,13,01,야간,토,경기,수원시,차량단독,127.05056298,37.2650815,2016-08-13 01:00:00
2016,07,23,03,야간,토,경기,수원시,차대사람,127.0119854,37.29925374,2016-07-23 03:00:00
2016,08,13,22,야간,토,경기,수원시,차대사람,126.98212076,37.25119986,2016-08-13 22:00:00
2016,08,19,08,주간,금,경기,수원시,차대차,127.00200264,37.26457171,2016-08-19 08:00:00
2016,07,31,10,주간,일,경기,수원시,차대차,127.00940398,37.29540315,2016-07-31 10:00:00
2016,07,24,21,야간,일,경기,수원시,차대사람,127.00792553,37.29719979,2016-07-24 21:00:00
2016,07,16,21,야간,토,경기,수원시,차대사람,127.01648534,37.28194749,2016-07-16 21:00:00
2016,06,25,02,야간,토,경기,수원시,차대사람,127.00181949,37.30605292,2016-06-25 02:00:00
2016,02,22,20,야간,월,경기,수원시,차대사람,127.05979035,37.27057862,2016-02-22 20:00:00
2016,02,06,19,야간,토,경기,수원시,차대사람,127.00331302,37.30201197,2016-02-06 19:00:00
2016,01,13,06,주간,수,경기,수원시,차대차,126.95062952,37.28962845,2016-01-13 06:00:00
2016,02,03,21,야간,수,경기,수원시,차대차,126.98211985,37.32047164,2016-02-03 21:00:00
2016,09,17,09,주간,토,경기,수원시,차대차,127.01658762,37.27653956,2016-09-17 09:00:00
2016,10,10,08,주간,월,경기,수원시,차대사람,127.01825983,37.28318062,2016-10-10 08:00:00
2016,09,29,11,주간,목,경기,수원시,차대사람,127.0447707,37.2643022,2016-09-29 11:00:00
2016,10,25,01,야간,화,경기,수원시,차대사람,127.02181064,37.29073065,2016-10-25 01:00:00
2016,09,20,01,야간,화,경기,수원시,차대차,126.96009262,37.2662629,2016-09-20 01:00:00
2016,09,01,22,야간,목,경기,수원시,차대사람,127.02117488,37.27533231,2016-09-01 22:00:00
2016,10,09,18,야간,일,경기,수원시,차대사람,126.98113373,37.27509147,2016-10-09 18:00:00
2016,12,24,01,야간,토,경기,수원시,차대사람,127.03238112,37.26349674,2016-12-24 01:00:00
2016,09,29,01,야간,목,경기,수원시,차량단독,126.96932735,37.28392864,2016-09-29 01:00:00
2016,12,01,21,야간,목,경기,수원시,차량단독,126.99401493,37.27005436,2016-12-01 21:00:00
2016,10,29,03,야간,토,경기,수원시,차대사람,127.02175882,37.25612597,2016-10-29 03:00:00
2016,09,22,09,주간,목,경기,수원시,차대사람,126.96988288,37.29672003,2016-09-22 09:00:00
2016,01,01,04,야간,금,경기,수원시,차대차,127.02299112,37.23058533,2016-01-01 04:00:00
2016,11,10,04,야간,목,경기,수원시,차대사람,127.02899528,37.29177172,2016-11-10 04:00:00
2016,12,11,10,주간,일,경기,수원시,차대차,126.98883256,37.29753351,2016-12-11 10:00:00
2016,12,25,21,야간,일,경기,수원시,차대사람,127.00225544,37.26386067,2016-12-25 21:00:00
2016,09,28,06,주간,수,경기,수원시,차대사람,126.99835931,37.2969433,2016-09-28 06:00:00
2016,04,07,19,야간,목,경기,수원시,차대사람,127.0504363,37.29965843,2016-04-07 19:00:00
2016,02,04,10,주간,목,경기,수원시,차대사람,127.024097,37.29313756,2016-02-04 10:00:00
2017,01,04,00,야간,수,경기,수원시,차대사람,126.96352645,37.24485239,2017-01-04 00:00:00
2017,01,06,23,야간,금,경기,수원시,차대사람,127.02192621,37.25640607,2017-01-06 23:00:00
2017,01,10,09,주간,화,경기,수원시,차대차,126.9799586,37.28522695,2017-01-10 09:00:00
2017,01,10,18,야간,화,경기,수원시,차대사람,126.9994497,37.26859918,2017-01-10 18:00:00
2017,01,25,00,야간,수,경기,수원시,차대차,127.01671862,37.2807496,2017-01-25 00:00:00
2017,01,26,05,야간,목,경기,수원시,차대사람,127.01358676,37.29413143,2017-01-26 05:00:00
2017,02,04,19,야간,토,경기,수원시,차대차,126.96763716,37.24712442,2017-02-04 19:00:00
2017,02,16,05,야간,목,경기,수원시,차량단독,127.00361512,37.31270008,2017-02-16 05:00:00
2017,02,28,09,주간,화,경기,수원시,차대사람,126.97151124,37.30587638,2017-02-28 09:00:00
2017,03,02,06,주간,목,경기,수원시,차대사람,127.00943813,37.28666883,2017-03-02 06:00:00
2017,03,11,00,야간,토,경기,수원시,차대사람,127.02585553,37.26460654,2017-03-11 00:00:00
2017,03,24,00,야간,금,경기,수원시,차대사람,127.04023715,37.25313441,2017-03-24 00:00:00
2017,04,03,02,야간,월,경기,수원시,차대사람,126.99782997,37.31546456,2017-04-03 02:00:00
2017,04,10,22,야간,월,경기,수원시,차대차,127.02891309,37.29192553,2017-04-10 22:00:00
2017,04,16,09,주간,일,경기,수원시,차대차,126.98314255,37.28648482,2017-04-16 09:00:00
2017,04,19,02,야간,수,경기,수원시,차대차,127.03834145,37.28290009,2017-04-19 02:00:00
2017,04,22,21,야간,토,경기,수원시,차대사람,126.99403386,37.30934601,2017-04-22 21:00:00
2017,04,24,04,야간,월,경기,수원시,차대사람,127.04182791,37.27534194,2017-04-24 04:00:00
2017,05,22,01,야간,월,경기,수원시,차대사람,127.03499266,37.25696289,2017-05-22 01:00:00
2017,06,04,02,야간,일,경기,수원시,차대사람,127.00879092,37.29251616,2017-06-04 02:00:00
2017,07,03,11,주간,월,경기,수원시,차대사람,126.96913777,37.28072605,2017-07-03 11:00:00
2017,07,04,14,주간,화,경기,수원시,차대사람,127.02656697,37.29507644,2017-07-04 14:00:00
2017,07,08,22,야간,토,경기,수원시,차대사람,127.02718452,37.26850588,2017-07-08 22:00:00
2017,07,12,18,야간,수,경기,수원시,차대차,127.03165923,37.2890033,2017-07-12 18:00:00
2017,07,21,23,야간,금,경기,수원시,차대차,126.94257981,37.26747072,2017-07-21 23:00:00
2017,07,25,00,야간,화,경기,수원시,차대사람,126.94582571,37.27393992,2017-07-25 00:00:00
2017,08,18,01,야간,금,경기,수원시,차대차,126.95025926,37.28624652,2017-08-18 01:00:00
2017,08,31,20,야간,목,경기,수원시,차대차,127.02493981,37.26316064,2017-08-31 20:00:00
2017,09,18,02,야간,월,경기,수원시,차량단독,127.03520403,37.30879376,2017-09-18 02:00:00
2017,09,20,23,야간,수,경기,수원시,차대사람,127.0165489,37.27553886,2017-09-20 23:00:00
2017,10,18,04,야간,수,경기,수원시,차대사람,126.97411022,37.28104571,2017-10-18 04:00:00
2017,10,22,14,주간,일,경기,수원시,차대차,126.96548084,37.25548866,2017-10-22 14:00:00
2017,11,01,04,야간,수,경기,수원시,차대차,127.02373951,37.23526661,2017-11-01 04:00:00
2017,11,14,23,야간,화,경기,수원시,차대차,127.02755249,37.28542648,2017-11-14 23:00:00
2017,11,23,21,야간,목,경기,수원시,차량단독,127.026484,37.24708592,2017-11-23 21:00:00
2017,11,24,01,야간,금,경기,수원시,차대사람,127.02918297,37.29170666,2017-11-24 01:00:00
2017,11,28,17,주간,화,경기,수원시,차대차,127.00076828,37.26362906,2017-11-28 17:00:00
2017,11,30,15,주간,목,경기,수원시,차대사람,126.96997324,37.30313831,2017-11-30 15:00:00
2017,12,01,00,야간,금,경기,수원시,차대사람,127.03432801,37.2513536,2017-12-01 00:00:00
2017,12,08,01,야간,금,경기,수원시,차대차,127.01042399,37.27380104,2017-12-08 01:00:00
2017,12,08,16,주간,금,경기,수원시,차대사람,127.00955088,37.28667831,2017-12-08 16:00:00
2017,12,22,14,주간,금,경기,수원시,차대사람,126.99957396,37.27879445,2017-12-22 14:00:00
2017,12,22,19,야간,금,경기,수원시,차대차,127.01533257,37.28580073,2017-12-22 19:00:00
2017,12,29,05,야간,금,경기,수원시,차대사람,127.02910917,37.27820353,2017-12-29 05:00:00
2018,10,31,06,주,수,경기,수원시,차대사람,127.0166165,37.27554815,2018-10-31 06:00:00
2018,08,31,13,주,금,경기,수원시,차대사람,127.0150737,37.28745823,2018-08-31 13:00:00
2018,06,30,01,야,토,경기,수원시,차대사람,127.0122611,37.29151195,2018-06-30 01:00:00
2018,06,22,11,주,금,경기,수원시,차대사람,126.9950853,37.30567284,2018-06-22 11:00:00
2018,04,10,15,주,화,경기,수원시,차대차,126.997454,37.25832386,2018-04-10 15:00:00
2018,11,08,00,야,목,경기,수원시,차대사람,127.0086779,37.29254274,2018-11-08 00:00:00
2018,09,18,14,주,화,경기,수원시,차대차,127.0175632,37.25091691,2018-09-18 14:00:00
2018,10,09,05,야,화,경기,수원시,차대사람,127.0529887,37.24584586,2018-10-09 05:00:00
2018,09,11,20,야,화,경기,수원시,차대사람,127.0648523,37.25922172,2018-09-11 20:00:00
2018,02,04,20,야,일,경기,수원시,차대사람,127.0143867,37.25216587,2018-02-04 20:00:00
2018,08,12,21,야,일,경기,수원시,차대사람,127.0054448,37.30386874,2018-08-12 21:00:00
2018,09,18,20,야,화,경기,수원시,차대차,127.0657866,37.25755757,2018-09-18 20:00:00
2018,12,28,06,주,금,경기,수원시,차대사람,127.0352628,37.26071376,2018-12-28 06:00:00
2018,07,15,07,주,일,경기,수원시,차량단독,126.9715569,37.26708982,2018-07-15 07:00:00
2018,10,03,21,야,수,경기,수원시,차대사람,127.009388,37.2683253,2018-10-03 21:00:00
2018,11,18,03,야,일,경기,수원시,차대차,126.9998955,37.29497576,2018-11-18 03:00:00
2018,06,08,06,주,금,경기,수원시,차대차,127.0023285,37.30586577,2018-06-08 06:00:00
2018,03,23,12,주,금,경기,수원시,차대사람,127.0151225,37.2921727,2018-03-23 12:00:00
2018,10,17,14,주,수,경기,수원시,차대사람,127.0821829,37.26581928,2018-10-17 14:00:00
2018,11,17,05,야,토,경기,수원시,차대사람,127.0115497,37.2514421,2018-11-17 05:00:00
2018,10,05,15,주,금,경기,수원시,차대사람,127.0304476,37.28065162,2018-10-05 15:00:00
2018,12,09,18,야,일,경기,수원시,차대사람,127.0085849,37.29643635,2018-12-09 18:00:00
2018,04,22,11,주,일,경기,수원시,차대사람,127.001192,37.29342183,2018-04-22 11:00:00
2018,08,29,01,야,수,경기,수원시,차대사람,127.0040232,37.26773507,2018-08-29 01:00:00
2018,06,02,16,주,토,경기,수원시,차대차,126.9796709,37.2762208,2018-06-02 16:00:00
2018,05,28,20,야,월,경기,수원시,차대차,127.0065479,37.28182536,2018-05-28 20:00:00
2018,05,19,05,야,토,경기,수원시,차대차,127.0089122,37.28426895,2018-05-19 05:00:00
2018,11,17,21,야,토,경기,수원시,차대차,126.9892845,37.28575431,2018-11-17 21:00:00
2018,01,24,22,야,수,경기,수원시,차대사람,126.9839481,37.28416275,2018-01-24 22:00:00
2018,11,22,04,야,목,경기,수원시,차대사람,127.0284751,37.27135943,2018-11-22 04:00:00
2018,09,21,21,야,금,경기,수원시,차대사람,127.0277777,37.25478902,2018-09-21 21:00:00
2018,11,19,10,주,월,경기,수원시,차대사람,126.9933284,37.30348397,2018-11-19 10:00:00
2018,08,09,09,주,목,경기,수원시,차대사람,126.9979054,37.30158443,2018-08-09 09:00:00
2018,02,28,19,야,수,경기,수원시,차대사람,127.0178097,37.2706224,2018-02-28 19:00:00
2018,10,08,03,야,월,경기,수원시,차대차,127.0236505,37.26374137,2018-10-08 03:00:00
2018,03,22,02,야,목,경기,수원시,차대사람,127.0774553,37.25809556,2018-03-22 02:00:00
2018,11,11,03,야,일,경기,수원시,차대차,126.9796185,37.24285099,2018-11-11 03:00:00
2018,07,26,01,야,목,경기,수원시,차대차,126.9734356,37.25967072,2018-07-26 01:00:00
2018,04,14,16,주,토,경기,수원시,차량단독,127.0298667,37.31236921,2018-04-14 16:00:00
2019,01,18,15,주,금,경기,수원시,차대사람,127.0109994,37.29295797,2019-01-18 15:00:00
2019,01,23,05,야,수,경기,수원시,차대차,126.9698361,37.29052728,2019-01-23 05:00:00
2019,02,18,05,야,월,경기,수원시,차대사람,127.0701936,37.25201202,2019-02-18 05:00:00
2019,02,21,20,야,목,경기,수원시,차대차,127.0658852,37.27378305,2019-02-21 20:00:00
2019,03,13,06,주,수,경기,수원시,차대사람,126.9812849,37.25107541,2019-03-13 06:00:00
2019,03,21,09,주,목,경기,수원시,차량단독,127.0344239,37.30903406,2019-03-21 09:00:00
2019,04,05,13,주,금,경기,수원시,차량단독,126.9704046,37.24802921,2019-04-05 13:00:00
2019,04,05,23,야,금,경기,수원시,차대사람,127.0081326,37.26365988,2019-04-05 23:00:00
2019,04,16,07,주,화,경기,수원시,차대사람,127.0533066,37.24546847,2019-04-16 07:00:00
2019,04,25,05,야,목,경기,수원시,차량단독,126.9652066,37.2735423,2019-04-25 05:00:00
2019,05,03,03,야,금,경기,수원시,차대사람,126.9808041,37.28366224,2019-05-03 03:00:00
2019,05,13,20,야,월,경기,수원시,차대차,126.9564648,37.27514302,2019-05-13 20:00:00
2019,06,15,16,주,토,경기,수원시,차대차,127.032236,37.26143197,2019-06-15 16:00:00
2019,08,20,01,야,화,경기,수원시,차대사람,127.0157688,37.27229967,2019-08-20 01:00:00
2019,08,20,11,주,화,경기,수원시,차대사람,127.0266742,37.24912384,2019-08-20 11:00:00
2019,08,21,05,야,수,경기,수원시,차대사람,127.0818669,37.26790038,2019-08-21 05:00:00
2019,08,24,22,야,토,경기,수원시,차대사람,127.0006336,37.26694561,2019-08-24 22:00:00
2019,09,19,19,야,목,경기,수원시,차대사람,127.0340981,37.25756331,2019-09-19 19:00:00
2019,09,22,01,야,일,경기,수원시,차량단독,127.0713628,37.24666196,2019-09-22 01:00:00
2019,10,05,23,야,토,경기,수원시,차대사람,127.0031344,37.26739782,2019-10-05 23:00:00
2019,10,25,00,야,금,경기,수원시,차대사람,126.9583322,37.27584565,2019-10-25 00:00:00
2019,10,28,13,주,월,경기,수원시,차대사람,127.0112206,37.25351395,2019-10-28 13:00:00
2019,11,15,08,주,금,경기,수원시,차대차,127.0212847,37.23124548,2019-11-15 08:00:00
2019,11,17,06,주,일,경기,수원시,차대차,126.9690131,37.28080661,2019-11-17 06:00:00
2019,11,19,20,야,화,경기,수원시,차대사람,127.0278895,37.24772251,2019-11-19 20:00:00
2019,11,26,08,주,화,경기,수원시,차대사람,126.9815589,37.28874939,2019-11-26 08:00:00
2019,12,05,12,주,목,경기,수원시,차대차,126.9436636,37.2872523,2019-12-05 12:00:00
2019,12,10,15,주,화,경기,수원시,차대차,127.0455936,37.2748715,2019-12-10 15:00:00
2019,12,16,23,야,월,경기,수원시,차대차,127.0900008,37.29039157,2019-12-16 23:00:00
2019,12,18,14,주,수,경기,수원시,차대차,127.0171785,37.27762364,2019-12-18 14:00:00
2019,12,30,07,주,월,경기,수원시,차대차,127.0224651,37.26036537,2019-12-30 07:00:00
2020,01,02,06,주,목,경기,수원시,차대차,126.9572285,37.26147242,2020-01-02 06:00:00
2020,01,10,01,야,금,경기,수원시,차량단독,127.0509424,37.29993077,2020-01-10 01:00:00
2020,01,14,00,야,화,경기,수원시,차대사람,127.0754048,37.25573557,2020-01-14 00:00:00
2020,01,23,09,주,목,경기,수원시,차대차,127.0042093,37.28924304,2020-01-23 09:00:00
2020,02,04,13,주,화,경기,수원시,차대사람,127.0753713,37.25568137,2020-02-04 13:00:00
2020,02,09,21,야,일,경기,수원시,차대사람,127.0081782,37.26357894,2020-02-09 21:00:00
2020,02,12,03,야,수,경기,수원시,차량단독,126.9991228,37.27878352,2020-02-12 03:00:00
2020,02,27,05,야,목,경기,수원시,차대사람,127.075573,37.25590744,2020-02-27 05:00:00
2020,03,11,08,주,수,경기,수원시,차대차,127.0284754,37.31287746,2020-03-11 08:00:00
2020,03,11,13,주,수,경기,수원시,차대차,127.0157778,37.28497327,2020-03-11 13:00:00
2020,03,21,06,주,토,경기,수원시,차대차,127.0502896,37.29965787,2020-03-21 06:00:00
2020,03,26,09,주,목,경기,수원시,차대차,127.0082597,37.26492236,2020-03-26 09:00:00
2020,04,23,06,주,목,경기,수원시,차대차,127.0141852,37.26246799,2020-04-23 06:00:00
2020,05,10,22,야,일,경기,수원시,차대사람,126.9734911,37.25817464,2020-05-10 22:00:00
2020,05,21,06,주,목,경기,수원시,차량단독,127.0066798,37.30308067,2020-05-21 06:00:00
2020,05,28,22,야,목,경기,수원시,차대차,127.0089936,37.30126047,2020-05-28 22:00:00
2020,06,02,22,야,화,경기,수원시,차대차,127.0084372,37.29658897,2020-06-02 22:00:00
2020,06,05,00,야,금,경기,수원시,차량단독,127.0257032,37.29069222,2020-06-05 00:00:00
2020,07,02,00,야,목,경기,수원시,차량단독,127.0244765,37.31350144,2020-07-02 00:00:00
2020,07,11,14,주,토,경기,수원시,차대차,127.0305778,37.24331635,2020-07-11 14:00:00
2020,08,03,04,야,월,경기,수원시,차대차,127.0813234,37.29271383,2020-08-03 04:00:00
2020,08,11,01,야,화,경기,수원시,차대사람,127.0267194,37.2869465,2020-08-11 01:00:00
2020,08,16,04,야,일,경기,수원시,차대차,127.0277448,37.2708968,2020-08-16 04:00:00
2020,08,29,22,야,토,경기,수원시,차대차,127.0544768,37.27269504,2020-08-29 22:00:00
2020,09,22,17,주,화,경기,수원시,차량단독,126.9876065,37.30528915,2020-09-22 17:00:00
2020,10,07,15,주,수,경기,수원시,차대사람,126.9768305,37.27591082,2020-10-07 15:00:00
2020,10,20,05,야,화,경기,수원시,차대사람,127.0349515,37.2856631,2020-10-20 05:00:00
2020,10,31,02,야,토,경기,수원시,차대사람,126.9621129,37.27716089,2020-10-31 02:00:00
2020,11,18,17,주,수,경기,수원시,차대사람,126.985941,37.31291667,2020-11-18 17:00:00
2021,01,01,21,야,금,경기,수원시,차대사람,126.9760106,37.23632699,2021-01-01 21:00:00
2021,01,02,21,야,토,경기,수원시,차대차,127.0095696,37.26988546,2021-01-02 21:00:00
2021,02,23,21,야,화,경기,수원시,차대사람,126.9531429,37.29308338,2021-02-23 21:00:00
2021,03,12,21,야,금,경기,수원시,차대사람,126.9582051,37.24321465,2021-03-12 21:00:00
2021,03,23,15,주,화,경기,수원시,차대차,127.0243116,37.28773007,2021-03-23 15:00:00
2021,04,07,00,야,수,경기,수원시,차대차,127.0067154,37.28329983,2021-04-07 00:00:00
2021,04,10,04,야,토,경기,수원시,차대차,127.0681898,37.28894389,2021-04-10 04:00:00
2021,05,04,00,야,화,경기,수원시,차대사람,127.0354717,37.27077414,2021-05-04 00:00:00
2021,05,14,20,야,금,경기,수원시,차대차,127.0116263,37.25181199,2021-05-14 20:00:00
2021,06,04,10,주,금,경기,수원시,차대차,127.0420386,37.2517262,2021-06-04 10:00:00
2021,07,09,18,야,금,경기,수원시,차대사람,126.9846352,37.24956128,2021-07-09 18:00:00
2021,08,14,02,야,토,경기,수원시,차량단독,126.992112,37.27126309,2021-08-14 02:00:00
2021,09,25,05,야,토,경기,수원시,차량단독,126.9670645,37.24677931,2021-09-25 05:00:00
2021,10,06,04,야,수,경기,수원시,차대차,127.0416014,37.25130986,2021-10-06 04:00:00
2021,10,09,22,야,토,경기,수원시,차량단독,127.0504845,37.26500908,2021-10-09 22:00:00
2021,10,26,13,주,화,경기,수원시,차대차,126.9977555,37.29781508,2021-10-26 13:00:00
2021,11,17,14,주,수,경기,수원시,차대차,126.9663453,37.27361054,2021-11-17 14:00:00
2021,11,19,21,야,금,경기,수원시,차대차,127.0312641,37.30540702,2021-11-19 21:00:00
2021,12,05,07,주,일,경기,수원시,차대사람,127.0331508,37.25756859,2021-12-05 07:00:00
2021,12,06,12,주,월,경기,수원시,차대차,126.9817058,37.23770415,2021-12-06 12:00:00
2021,12,07,16,주,화,경기,수원시,차대차,127.0187434,37.24974989,2021-12-07 16:00:00
2021,12,11,02,야,토,경기,수원시,차대차,127.0411214,37.25049675,2021-12-11 02:00:00
2021,12,13,07,주,월,경기,수원시,차대차,127.0143199,37.25203039,2021-12-13 07:00:00
2021,12,27,14,주,월,경기,수원시,차대사람,126.9940365,37.25671383,2021-12-27 14:00:00
2021,12,27,20,야,월,경기,수원시,차대사람,127.0111239,37.2702254,2021-12-27 20:00:00
2022,01,12,15,주,수,경기,수원시,차량단독,127.01007969,37.30255396,2022-01-12 15:00:00
2022,02,09,18,야,수,경기,수원시,차대사람,127.00638237,37.28298746,2022-02-09 18:00:00
2022,02,26,10,주,토,경기,수원시,차대차,127.017049,37.27141252,2022-02-26 10:00:00
2022,03,21,10,주,월,경기,수원시,차대차,127.0055996,37.25260725,2022-03-21 10:00:00
2022,04,17,19,야,일,경기,수원시,차대차,127.00957727,37.2634856,2022-04-17 19:00:00
2022,04,17,22,야,일,경기,수원시,차대사람,127.02630798,37.26619481,2022-04-17 22:00:00
2022,05,03,09,주,화,경기,수원시,차대차,127.0380876,37.27644513,2022-05-03 09:00:00
2022,05,16,10,주,월,경기,수원시,차대차,127.00808478,37.29700215,2022-05-16 10:00:00
2022,06,03,22,야,금,경기,수원시,차대사람,127.01385747,37.29414156,2022-06-03 22:00:00
2022,06,12,02,야,일,경기,수원시,차대사람,127.0290834,37.26242002,2022-06-12 02:00:00
2022,06,13,05,야,월,경기,수원시,차량단독,127.04798657,37.27346367,2022-06-13 05:00:00
2022,07,05,18,야,화,경기,수원시,차량단독,127.02573667,37.29074644,2022-07-05 18:00:00
2022,07,08,14,주,금,경기,수원시,차대사람,126.9803184,37.27555661,2022-07-08 14:00:00
2022,07,30,01,야,토,경기,수원시,차대사람,127.03560193,37.27160393,2022-07-30 01:00:00
2022,08,01,00,야,월,경기,수원시,차대사람,127.00866062,37.25528812,2022-08-01 00:00:00
2022,08,13,13,주,토,경기,수원시,차대차,127.01776063,37.28892946,2022-08-13 13:00:00
2022,09,09,23,야,금,경기,수원시,차대차,127.01851659,37.24994728,2022-09-09 23:00:00
2022,09,16,23,야,금,경기,수원시,차량단독,126.96898775,37.29083896,2022-09-16 23:00:00
2022,09,20,02,야,화,경기,수원시,차대차,126.96279532,37.27318886,2022-09-20 02:00:00
2022,09,22,10,주,목,경기,수원시,차대차,126.98319301,37.32033211,2022-09-22 10:00:00
2022,10,06,11,주,목,경기,수원시,차대사람,126.99286166,37.30409492,2022-10-06 11:00:00
2022,10,29,00,야,토,경기,수원시,차대차,127.04979779,37.26289721,2022-10-29 00:00:00
2022,11,12,23,야,토,경기,수원시,차대사람,127.01002755,37.29145765,2022-11-12 23:00:00
2022,12,22,14,주,목,경기,수원시,차대사람,127.01507901,37.2655364,2022-12-22 14:00:00
2023,01,07,11,주,토,경기,수원시,차대차,127.0820716,37.26759463,2023-01-07 11:00:00
2023,01,16,15,주,월,경기,수원시,차대사람,127.0252217,37.26497357,2023-01-16 15:00:00
2023,02,10,19,야,금,경기,수원시,차대사람,127.0115479,37.2848928,2023-02-10 19:00:00
2023,03,05,03,야,일,경기,수원시,차량단독,127.0439279,37.28997063,2023-03-05 03:00:00
2023,05,09,03,야,화,경기,수원시,차대사람,127.0064425,37.26859249,2023-05-09 03:00:00
2023,05,10,12,주,수,경기,수원시,차대사람,126.9572766,37.26577228,2023-05-10 12:00:00
2023,05,26,22,야,금,경기,수원시,차대사람,127.0296509,37.29991117,2023-05-26 22:00:00
2023,06,02,11,주,금,경기,수원시,차대사람,126.9738461,37.28171156,2023-06-02 11:00:00
2023,06,13,16,주,화,경기,수원시,차대차,126.9571151,37.29924913,2023-06-13 16:00:00
2023,06,29,16,주,목,경기,수원시,차대차,127.0243316,37.26123823,2023-06-29 16:00:00
2023,07,11,00,야,화,경기,수원시,차대차,127.0224659,37.26023017,2023-07-11 00:00:00
2023,07,30,02,야,일,경기,수원시,차량단독,127.0242069,37.29540049,2023-07-30 02:00:00
2023,08,06,01,야,일,경기,수원시,차대사람,126.9722982,37.28206523,2023-08-06 01:00:00
2023,08,16,23,야,수,경기,수원시,차대사람,127.0296603,37.25851026,2023-08-16 23:00:00
2023,08,22,04,야,화,경기,수원시,차대차,127.0013174,37.31373963,2023-08-22 04:00:00
2023,09,01,16,주,금,경기,수원시,차대차,126.9976575,37.28030968,2023-09-01 16:00:00
2023,09,23,10,주,토,경기,수원시,차대사람,127.0273881,37.28284785,2023-09-23 10:00:00
2023,09,24,05,야,일,경기,수원시,차대사람,127.0347754,37.277622,2023-09-24 05:00:00
2023,09,27,19,야,수,경기,수원시,차대사람,127.0175061,37.27047694,2023-09-27 19:00:00
2023,09,28,03,야,목,경기,수원시,차량단독,126.9718348,37.26605446,2023-09-28 03:00:00
2023,10,12,09,주,목,경기,수원시,차대차,127.0691159,37.24918674,2023-10-12 09:00:00
2023,11,17,11,주,금,경기,수원시,차대사람,127.0268298,37.283738,2023-11-17 11:00:00
2023,11,20,13,주,월,경기,수원시,차대사람,127.0028566,37.27877223,2023-11-20 13:00:00
2023,11,29,01,야,수,경기,수원시,차대차,127.0186283,37.25010998,2023-11-29 01:00:00
2023,12,05,09,주,화,경기,수원시,차대사람,127.0172291,37.27146734,2023-12-05 09:00:00
2023,12,11,03,야,월,경기,수원시,차대사람,127.0215125,37.2326616,2023-12-11 03:00:00
2023,12,14,21,야,목,경기,수원시,차대사람,127.0009698,37.30656313,2023-12-14 21:00:00
2023,12,20,21,야,수,경기,수원시,차대사람,127.0476433,37.29313074,2023-12-20 21:00:00
2023,12,22,13,주,금,경기,수원시,차대사람,126.9990637,37.26557788,2023-12-22 13:00:00
2023,12,30,21,야,토,경기,수원시,차대사람,127.027548,37.29156494,2023-12-30 21:00:00
